product_key,channel_key,customer_key,time_key,qty,sales_amount,cost_amount,margin
31.0,2,648,147,3,252.0,108.0,144.0
38.0,2,648,163,1,12.0,5.0,7.0
39.0,2,648,163,1,12.0,5.0,7.0
40.0,2,648,163,1,7.0,2.0,5.0
39.0,2,648,32,4,48.0,20.0,28.0
154.0,2,647,60,1,12.99,8.49,4.5
36.0,2,605,123,3,48.0,12.0,36.0
38.0,2,605,178,1,12.0,5.0,7.0
38.0,2,605,279,2,24.0,10.0,14.0
64.0,2,605,308,1,480.0,200.0,280.0
67.0,2,605,314,1,83.0,35.0,48.0
69.0,2,605,56,1,140.0,60.0,80.0
149.0,2,605,296,4,134.36,99.2,35.16000000000001
64.0,2,507,190,2,960.0,400.0,560.0
68.0,2,507,190,3,129.0,54.0,75.0
70.0,2,507,169,1,180.0,98.0,82.0
132.0,2,507,186,1,18.99,13.51,5.479999999999999
153.0,2,506,161,2,15.96,13.56,2.4000000000000004
36.0,2,633,159,1,16.0,4.0,12.0
37.0,2,633,94,1,8.0,3.0,5.0
60.0,2,633,65,1,34.0,16.0,18.0
66.0,2,633,242,1,600.0,250.0,350.0
69.0,2,633,230,2,280.0,120.0,160.0
129.0,2,633,183,1,13.49,9.84,3.65
157.0,2,633,183,4,35.84,29.44,6.400000000000002
160.0,2,633,183,1,39.99,25.19,14.8
133.0,2,552,164,1,27.98,21.44,6.539999999999999
135.0,2,552,79,1,38.99,30.02,8.970000000000002
152.0,2,552,79,1,26.99,21.69,5.299999999999997
31.0,2,584,121,1,84.0,36.0,48.0
37.0,2,584,246,3,24.0,9.0,15.0
38.0,2,584,205,3,36.0,15.0,21.0
69.0,2,584,168,1,140.0,60.0,80.0
69.0,2,584,189,1,140.0,60.0,80.0
130.0,2,584,110,4,79.96,52.84,27.11999999999999
143.0,2,584,110,2,32.98,20.98,11.999999999999996
156.0,2,584,262,1,15.89,12.49,3.4000000000000004
161.0,2,584,110,1,6.99,3.53,3.4600000000000004
162.0,2,584,110,2,139.78,109.88,29.90000000000001
42.0,2,622,244,1,32.0,14.0,18.0
72.0,2,622,242,3,63.0,18.0,45.0
137.0,2,622,20,4,515.88,453.48,62.39999999999998
36.0,2,594,30,1,16.0,4.0,12.0
40.0,2,594,30,2,14.0,4.0,10.0
72.0,2,594,271,1,21.0,6.0,15.0
128.0,2,594,158,3,17.97,10.77,7.199999999999999
153.0,2,594,158,1,7.98,6.78,1.2000000000000002
162.0,2,594,158,1,69.89,54.94,14.950000000000005
34.0,2,609,152,1,7.0,2.0,5.0
39.0,2,609,157,1,12.0,5.0,7.0
43.0,2,609,152,4,56.0,24.0,32.0
63.0,2,609,304,1,120.0,70.0,50.0
152.0,2,609,261,1,26.99,21.69,5.299999999999997
63.0,2,621,198,1,120.0,70.0,50.0
72.0,2,621,313,1,21.0,6.0,15.0
142.0,2,621,97,1,14.89,11.49,3.4000000000000004
65.0,2,530,332,1,130.0,56.0,74.0
156.0,2,530,154,1,15.89,12.49,3.4000000000000004
30.0,2,658,309,1,78.0,45.0,33.0
72.0,2,658,267,1,21.0,6.0,15.0
56.0,2,665,111,1,26.0,13.0,13.0
56.0,2,586,69,3,78.0,39.0,39.0
63.0,2,586,136,3,360.0,210.0,150.0
65.0,2,586,69,1,130.0,56.0,74.0
141.0,2,629,218,1,19.99,13.09,6.899999999999999
59.0,2,543,50,1,23.0,12.0,11.0
72.0,2,543,326,1,21.0,6.0,15.0
132.0,2,543,280,1,18.99,13.51,5.479999999999999
142.0,2,543,280,4,59.56,45.96,13.6
30.0,2,620,81,1,78.0,45.0,33.0
56.0,2,620,129,1,26.0,13.0,13.0
58.0,2,620,184,1,48.0,23.0,25.0
65.0,2,620,290,2,260.0,112.0,148.0
67.0,2,620,48,3,249.0,105.0,144.0
161.0,2,620,247,1,6.99,3.53,3.4600000000000004
33.0,2,662,112,1,450.0,200.0,250.0
163.0,2,662,39,1,13.59,9.24,4.35
42.0,2,556,206,2,64.0,28.0,36.0
57.0,2,556,177,1,8.0,3.0,5.0
129.0,2,556,223,1,13.49,9.84,3.65
142.0,2,556,208,1,14.89,11.49,3.4000000000000004
145.0,2,556,226,1,48.99,36.23,12.760000000000003
35.0,2,635,306,1,14.0,4.0,10.0
40.0,2,635,306,2,14.0,4.0,10.0
64.0,2,635,100,1,480.0,200.0,280.0
157.0,2,635,266,1,8.96,7.36,1.6000000000000003
33.0,2,582,28,1,450.0,200.0,250.0
39.0,2,582,29,1,12.0,5.0,7.0
62.0,2,582,79,4,112.0,48.0,64.0
35.0,2,668,114,1,14.0,4.0,10.0
38.0,2,668,114,3,36.0,15.0,21.0
41.0,2,668,114,1,8.0,3.0,5.0
66.0,2,668,215,1,600.0,250.0,350.0
154.0,2,668,133,4,51.96,33.96,18.0
39.0,2,516,271,1,12.0,5.0,7.0
40.0,2,516,271,2,14.0,4.0,10.0
44.0,2,516,271,3,162.0,102.0,60.0
60.0,2,516,89,1,34.0,16.0,18.0
73.0,2,516,327,1,32.0,15.0,17.0
133.0,2,516,150,1,27.98,21.44,6.539999999999999
38.0,2,508,210,1,12.0,5.0,7.0
71.0,2,508,36,1,120.0,80.0,40.0
132.0,2,508,179,1,18.99,13.51,5.479999999999999
134.0,2,508,179,1,37.69,31.29,6.399999999999999
151.0,2,508,179,1,38.99,26.4,12.590000000000003
37.0,2,562,162,4,32.0,12.0,20.0
40.0,2,562,162,1,7.0,2.0,5.0
42.0,2,562,162,1,32.0,14.0,18.0
127.0,2,562,81,1,27.59,18.34,9.25
139.0,2,562,81,2,37.98,30.82,7.159999999999997
142.0,2,562,81,1,14.89,11.49,3.4000000000000004
146.0,2,562,231,1,7.98,5.55,2.4300000000000006
160.0,2,562,81,1,39.99,25.19,14.8
42.0,2,531,22,1,32.0,14.0,18.0
56.0,2,531,162,4,104.0,52.0,52.0
59.0,2,531,162,2,46.0,24.0,22.0
61.0,2,531,162,1,23.0,12.0,11.0
66.0,2,531,162,4,2400.0,1000.0,1400.0
70.0,2,531,146,1,180.0,98.0,82.0
29.0,2,663,104,1,350.0,150.0,200.0
46.0,2,663,219,1,4.0,1.0,3.0
62.0,2,663,49,1,28.0,12.0,16.0
142.0,2,663,228,2,29.78,22.98,6.800000000000001
41.0,2,593,164,4,32.0,12.0,20.0
158.0,2,593,100,1,14.98,11.52,3.460000000000001
71.0,2,541,115,3,360.0,240.0,120.0
72.0,2,541,86,4,84.0,24.0,60.0
126.0,2,541,125,1,15.99,11.49,4.5
35.0,2,522,200,1,14.0,4.0,10.0
37.0,2,522,338,4,32.0,12.0,20.0
42.0,2,522,200,3,96.0,42.0,54.0
56.0,2,522,261,1,26.0,13.0,13.0
63.0,2,522,261,1,120.0,70.0,50.0
65.0,2,522,261,1,130.0,56.0,74.0
30.0,2,611,323,3,234.0,135.0,99.0
32.0,2,611,323,1,160.0,100.0,60.0
33.0,2,611,323,1,450.0,200.0,250.0
37.0,2,611,71,3,24.0,9.0,15.0
56.0,2,611,53,1,26.0,13.0,13.0
61.0,2,611,202,1,23.0,12.0,11.0
127.0,2,611,177,4,110.36,73.36,37.0
138.0,2,611,177,1,32.29,23.39,8.899999999999999
140.0,2,611,177,1,23.99,19.43,4.559999999999999
152.0,2,611,140,1,26.99,21.69,5.299999999999997
152.0,2,611,177,1,26.99,21.69,5.299999999999997
65.0,2,669,210,4,520.0,224.0,296.0
68.0,2,669,270,4,172.0,72.0,100.0
135.0,2,669,115,2,77.98,60.04,17.940000000000005
40.0,2,554,18,1,7.0,2.0,5.0
58.0,2,554,269,1,48.0,23.0,25.0
63.0,2,554,318,1,120.0,70.0,50.0
64.0,2,554,318,1,480.0,200.0,280.0
65.0,2,554,318,1,130.0,56.0,74.0
72.0,2,554,50,1,21.0,6.0,15.0
126.0,2,554,206,2,31.98,22.98,9.0
146.0,2,554,206,2,15.96,11.1,4.860000000000001
153.0,2,554,206,1,7.98,6.78,1.2000000000000002
162.0,2,554,206,1,69.89,54.94,14.950000000000005
33.0,2,565,14,3,1350.0,600.0,750.0
41.0,2,565,262,3,24.0,9.0,15.0
45.0,2,565,297,2,24.0,6.0,18.0
73.0,2,565,186,1,32.0,15.0,17.0
61.0,2,548,311,1,23.0,12.0,11.0
38.0,2,650,128,1,12.0,5.0,7.0
41.0,2,650,128,1,8.0,3.0,5.0
155.0,2,650,196,1,13.99,9.19,4.800000000000001
65.0,2,632,114,1,130.0,56.0,74.0
40.0,2,630,221,1,7.0,2.0,5.0
67.0,2,630,276,1,83.0,35.0,48.0
141.0,2,630,181,1,19.99,13.09,6.899999999999999
151.0,2,630,181,1,38.99,26.4,12.590000000000003
157.0,2,630,181,1,8.96,7.36,1.6000000000000003
160.0,2,630,181,4,159.96,100.76,59.2
35.0,2,631,15,3,42.0,12.0,30.0
44.0,2,631,15,1,54.0,34.0,20.0
56.0,2,631,203,1,26.0,13.0,13.0
59.0,2,631,203,1,23.0,12.0,11.0
63.0,2,631,268,1,120.0,70.0,50.0
64.0,2,631,203,4,1920.0,800.0,1120.0
151.0,2,631,253,1,38.99,26.4,12.590000000000003
31.0,2,504,208,1,84.0,36.0,48.0
54.0,2,504,232,1,18.0,8.0,10.0
137.0,2,504,136,1,128.97,113.37,15.599999999999994
157.0,2,504,136,3,26.880000000000003,22.08,4.800000000000001
162.0,2,504,136,1,69.89,54.94,14.950000000000005
31.0,2,540,95,1,84.0,36.0,48.0
148.0,2,540,253,4,95.88,73.16,22.72
38.0,2,583,230,4,48.0,20.0,28.0
153.0,2,583,257,1,7.98,6.78,1.2000000000000002
157.0,2,583,186,1,8.96,7.36,1.6000000000000003
29.0,2,596,245,3,1050.0,450.0,600.0
31.0,2,596,245,2,168.0,72.0,96.0
37.0,2,596,40,4,32.0,12.0,20.0
40.0,2,596,235,1,7.0,2.0,5.0
60.0,2,596,210,1,34.0,16.0,18.0
66.0,2,596,210,2,1200.0,500.0,700.0
56.0,2,564,299,1,26.0,13.0,13.0
58.0,2,564,70,1,48.0,23.0,25.0
153.0,2,564,154,1,7.98,6.78,1.2000000000000002
59.0,2,601,123,1,23.0,12.0,11.0
30.0,2,557,162,1,78.0,45.0,33.0
33.0,2,557,162,2,900.0,400.0,500.0
49.0,2,557,161,1,52.0,20.0,32.0
61.0,2,557,160,1,23.0,12.0,11.0
66.0,2,557,86,3,1800.0,750.0,1050.0
66.0,2,557,160,1,600.0,250.0,350.0
68.0,2,557,160,1,43.0,18.0,25.0
37.0,2,559,152,1,8.0,3.0,5.0
38.0,2,559,152,4,48.0,20.0,28.0
41.0,2,559,152,3,24.0,9.0,15.0
67.0,2,559,238,2,166.0,70.0,96.0
143.0,2,559,16,1,16.49,10.49,5.999999999999998
58.0,2,550,92,1,48.0,23.0,25.0
64.0,2,550,279,1,480.0,200.0,280.0
56.0,2,598,151,4,104.0,52.0,52.0
59.0,2,598,151,1,23.0,12.0,11.0
72.0,2,598,136,1,21.0,6.0,15.0
73.0,2,598,151,3,96.0,45.0,51.0
68.0,2,626,21,1,43.0,18.0,25.0
73.0,2,626,131,1,32.0,15.0,17.0
137.0,2,626,86,3,386.91,340.11,46.79999999999996
163.0,2,627,284,3,40.77,27.72,13.049999999999995
63.0,2,544,336,1,120.0,70.0,50.0
65.0,2,544,248,3,390.0,168.0,222.0
135.0,2,544,141,1,38.99,30.02,8.970000000000002
37.0,2,568,160,1,8.0,3.0,5.0
38.0,2,568,231,1,12.0,5.0,7.0
41.0,2,568,231,1,8.0,3.0,5.0
54.0,2,568,231,1,18.0,8.0,10.0
72.0,2,568,144,1,21.0,6.0,15.0
128.0,2,568,124,2,11.98,7.18,4.800000000000001
138.0,2,568,124,1,32.29,23.39,8.899999999999999
144.0,2,568,124,1,13.59,9.03,4.5600000000000005
152.0,2,568,124,1,26.99,21.69,5.299999999999997
155.0,2,568,238,1,13.99,9.19,4.800000000000001
54.0,2,649,102,1,18.0,8.0,10.0
32.0,2,527,309,1,160.0,100.0,60.0
61.0,2,527,89,1,23.0,12.0,11.0
61.0,2,527,165,1,23.0,12.0,11.0
63.0,2,527,96,1,120.0,70.0,50.0
63.0,2,527,101,3,360.0,210.0,150.0
65.0,2,527,101,1,130.0,56.0,74.0
65.0,2,527,165,3,390.0,168.0,222.0
66.0,2,527,316,1,600.0,250.0,350.0
70.0,2,527,165,2,360.0,196.0,164.0
73.0,2,527,101,1,32.0,15.0,17.0
64.0,2,592,38,4,1920.0,800.0,1120.0
66.0,2,592,133,1,600.0,250.0,350.0
137.0,2,592,260,1,128.97,113.37,15.599999999999994
40.0,2,651,277,1,7.0,2.0,5.0
155.0,2,651,192,1,13.99,9.19,4.800000000000001
29.0,2,577,9,1,350.0,150.0,200.0
30.0,2,577,317,1,78.0,45.0,33.0
32.0,2,577,13,1,160.0,100.0,60.0
33.0,2,577,9,1,450.0,200.0,250.0
56.0,2,577,77,3,78.0,39.0,39.0
67.0,2,577,197,1,83.0,35.0,48.0
130.0,2,577,43,1,19.99,13.21,6.779999999999998
131.0,2,577,171,1,13.49,8.07,5.42
131.0,2,577,256,3,40.47,24.21,16.259999999999998
132.0,2,577,256,1,18.99,13.51,5.479999999999999
137.0,2,577,256,3,386.91,340.11,46.79999999999996
139.0,2,577,43,1,18.99,15.41,3.5799999999999983
140.0,2,577,256,1,23.99,19.43,4.559999999999999
150.0,2,577,43,1,19.99,16.4,3.59
158.0,2,577,43,2,29.96,23.04,6.920000000000002
57.0,2,603,181,1,8.0,3.0,5.0
149.0,2,603,295,1,33.59,24.8,8.790000000000003
66.0,2,522,26,1,600.0,250.0,350.0
139.0,2,522,208,1,18.99,15.41,3.5799999999999983
143.0,2,522,218,1,16.49,10.49,5.999999999999998
146.0,2,522,218,1,7.98,5.55,2.4300000000000006
161.0,2,522,218,1,6.99,3.53,3.4600000000000004
40.0,2,606,145,1,7.0,2.0,5.0
128.0,2,606,173,3,17.97,10.77,7.199999999999999
144.0,2,606,230,1,13.59,9.03,4.5600000000000005
40.0,2,561,104,1,7.0,2.0,5.0
56.0,2,561,12,2,52.0,26.0,26.0
56.0,2,561,25,1,26.0,13.0,13.0
57.0,2,561,84,2,16.0,6.0,10.0
60.0,2,561,25,2,68.0,32.0,36.0
63.0,2,561,330,1,120.0,70.0,50.0
64.0,2,561,25,1,480.0,200.0,280.0
65.0,2,561,293,1,130.0,56.0,74.0
35.0,2,644,274,1,14.0,4.0,10.0
145.0,2,644,168,1,48.99,36.23,12.760000000000003
146.0,2,644,66,1,7.98,5.55,2.4300000000000006
34.0,2,525,294,1,7.0,2.0,5.0
35.0,2,525,294,2,28.0,8.0,20.0
56.0,2,525,135,2,52.0,26.0,26.0
133.0,2,525,242,1,27.98,21.44,6.539999999999999
33.0,2,510,121,2,900.0,400.0,500.0
39.0,2,510,190,1,12.0,5.0,7.0
54.0,2,510,333,1,18.0,8.0,10.0
57.0,2,510,139,1,8.0,3.0,5.0
67.0,2,510,72,1,83.0,35.0,48.0
131.0,2,510,273,1,13.49,8.07,5.42
134.0,2,510,273,4,150.76,125.16,25.599999999999994
145.0,2,510,273,4,195.96,144.92,51.04000000000002
156.0,2,510,235,2,31.78,24.98,6.800000000000001
161.0,2,510,179,2,13.98,7.06,6.920000000000001
32.0,2,643,146,1,160.0,100.0,60.0
45.0,2,643,148,2,24.0,6.0,18.0
61.0,2,643,108,1,23.0,12.0,11.0
143.0,2,643,223,1,16.49,10.49,5.999999999999998
144.0,2,643,320,1,13.59,9.03,4.5600000000000005
37.0,2,512,267,1,8.0,3.0,5.0
57.0,2,512,147,1,8.0,3.0,5.0
58.0,2,512,147,4,192.0,92.0,100.0
61.0,2,512,147,4,92.0,48.0,44.0
68.0,2,512,147,3,129.0,54.0,75.0
42.0,2,646,227,4,128.0,56.0,72.0
54.0,2,646,227,1,18.0,8.0,10.0
57.0,2,646,163,1,8.0,3.0,5.0
57.0,2,646,235,1,8.0,3.0,5.0
60.0,2,646,235,1,34.0,16.0,18.0
62.0,2,646,163,1,28.0,12.0,16.0
63.0,2,646,235,1,120.0,70.0,50.0
67.0,2,646,163,1,83.0,35.0,48.0
72.0,2,646,235,1,21.0,6.0,15.0
32.0,2,536,63,1,160.0,100.0,60.0
42.0,2,536,56,1,32.0,14.0,18.0
29.0,2,640,38,1,350.0,150.0,200.0
60.0,2,640,271,1,34.0,16.0,18.0
62.0,2,640,271,1,28.0,12.0,16.0
67.0,2,640,61,1,83.0,35.0,48.0
72.0,2,640,271,1,21.0,6.0,15.0
146.0,2,640,67,1,7.98,5.55,2.4300000000000006
41.0,2,613,277,1,8.0,3.0,5.0
42.0,2,613,75,1,32.0,14.0,18.0
60.0,2,613,131,1,34.0,16.0,18.0
64.0,2,613,131,1,480.0,200.0,280.0
66.0,2,613,24,2,1200.0,500.0,700.0
68.0,2,613,334,1,43.0,18.0,25.0
69.0,2,613,131,1,140.0,60.0,80.0
72.0,2,613,222,1,21.0,6.0,15.0
38.0,2,619,178,1,12.0,5.0,7.0
39.0,2,619,105,1,12.0,5.0,7.0
56.0,2,619,219,1,26.0,13.0,13.0
60.0,2,619,219,1,34.0,16.0,18.0
65.0,2,619,219,1,130.0,56.0,74.0
71.0,2,619,44,4,480.0,320.0,160.0
72.0,2,619,219,1,21.0,6.0,15.0
153.0,2,619,193,1,7.98,6.78,1.2000000000000002
42.0,2,579,17,4,128.0,56.0,72.0
42.0,2,579,113,1,32.0,14.0,18.0
61.0,2,579,248,1,23.0,12.0,11.0
63.0,2,579,248,2,240.0,140.0,100.0
69.0,2,579,248,2,280.0,120.0,160.0
70.0,2,579,248,1,180.0,98.0,82.0
141.0,2,579,118,1,19.99,13.09,6.899999999999999
157.0,2,579,146,4,35.84,29.44,6.400000000000002
32.0,2,532,328,1,160.0,100.0,60.0
48.0,2,533,270,1,12.0,8.0,4.0
68.0,2,533,303,3,129.0,54.0,75.0
160.0,2,533,166,2,79.98,50.38,29.6
34.0,2,575,27,1,7.0,2.0,5.0
35.0,2,575,27,1,14.0,4.0,10.0
35.0,2,575,100,1,14.0,4.0,10.0
37.0,2,575,100,1,8.0,3.0,5.0
38.0,2,575,100,1,12.0,5.0,7.0
39.0,2,575,27,1,12.0,5.0,7.0
42.0,2,575,27,2,64.0,28.0,36.0
60.0,2,575,53,1,34.0,16.0,18.0
131.0,2,575,282,1,13.49,8.07,5.42
134.0,2,575,288,1,37.69,31.29,6.399999999999999
139.0,2,575,282,1,18.99,15.41,3.5799999999999983
141.0,2,575,282,1,19.99,13.09,6.899999999999999
146.0,2,575,288,1,7.98,5.55,2.4300000000000006
150.0,2,575,288,1,19.99,16.4,3.59
34.0,2,542,326,1,7.0,2.0,5.0
37.0,2,542,326,1,8.0,3.0,5.0
62.0,2,542,27,1,28.0,12.0,16.0
61.0,2,526,260,1,23.0,12.0,11.0
69.0,2,526,134,1,140.0,60.0,80.0
69.0,2,526,260,1,140.0,60.0,80.0
70.0,2,526,260,3,540.0,294.0,246.0
72.0,2,526,260,3,63.0,18.0,45.0
138.0,2,526,31,1,32.29,23.39,8.899999999999999
145.0,2,526,31,1,48.99,36.23,12.760000000000003
148.0,2,526,31,1,23.97,18.29,5.68
158.0,2,526,56,1,14.98,11.52,3.460000000000001
58.0,2,628,259,1,48.0,23.0,25.0
62.0,2,628,277,1,28.0,12.0,16.0
67.0,2,628,277,1,83.0,35.0,48.0
32.0,2,660,308,1,160.0,100.0,60.0
40.0,2,660,253,1,7.0,2.0,5.0
59.0,2,660,163,1,23.0,12.0,11.0
67.0,2,660,163,1,83.0,35.0,48.0
70.0,2,660,163,1,180.0,98.0,82.0
71.0,2,660,163,1,120.0,80.0,40.0
132.0,2,660,281,3,56.97,40.53,16.439999999999998
41.0,2,595,250,4,32.0,12.0,20.0
54.0,2,595,250,1,18.0,8.0,10.0
62.0,2,595,137,1,28.0,12.0,16.0
153.0,2,595,223,1,7.98,6.78,1.2000000000000002
46.0,2,567,83,1,4.0,1.0,3.0
59.0,2,566,310,1,23.0,12.0,11.0
63.0,2,566,74,1,120.0,70.0,50.0
63.0,2,566,310,1,120.0,70.0,50.0
64.0,2,566,310,3,1440.0,600.0,840.0
68.0,2,566,310,1,43.0,18.0,25.0
39.0,2,513,236,1,12.0,5.0,7.0
58.0,2,513,234,3,144.0,69.0,75.0
59.0,2,513,211,1,23.0,12.0,11.0
61.0,2,513,211,1,23.0,12.0,11.0
66.0,2,513,211,1,600.0,250.0,350.0
67.0,2,513,132,4,332.0,140.0,192.0
67.0,2,513,137,1,83.0,35.0,48.0
28.0,2,610,64,1,32.0,20.0,12.0
66.0,2,610,261,1,600.0,250.0,350.0
67.0,2,610,209,1,83.0,35.0,48.0
134.0,2,610,246,3,113.07,93.87,19.19999999999999
41.0,2,574,337,1,8.0,3.0,5.0
139.0,2,574,294,3,56.97,46.23,10.739999999999997
62.0,2,666,248,1,28.0,12.0,16.0
67.0,2,666,217,1,83.0,35.0,48.0
156.0,2,666,88,1,15.89,12.49,3.4000000000000004
160.0,2,666,227,1,39.99,25.19,14.8
30.0,2,636,74,3,234.0,135.0,99.0
35.0,2,636,302,1,14.0,4.0,10.0
36.0,2,636,302,1,16.0,4.0,12.0
39.0,2,636,272,1,12.0,5.0,7.0
39.0,2,636,302,1,12.0,5.0,7.0
57.0,2,636,292,1,8.0,3.0,5.0
59.0,2,636,11,4,92.0,48.0,44.0
63.0,2,636,286,1,120.0,70.0,50.0
72.0,2,636,11,3,63.0,18.0,45.0
148.0,2,636,260,1,23.97,18.29,5.68
40.0,2,655,102,1,7.0,2.0,5.0
66.0,2,655,36,1,600.0,250.0,350.0
138.0,2,655,106,1,32.29,23.39,8.899999999999999
149.0,2,655,19,4,134.36,99.2,35.16000000000001
34.0,2,553,323,1,7.0,2.0,5.0
44.0,2,553,323,1,54.0,34.0,20.0
30.0,2,661,40,1,78.0,45.0,33.0
59.0,2,661,315,1,23.0,12.0,11.0
62.0,2,661,101,1,28.0,12.0,16.0
64.0,2,661,101,1,480.0,200.0,280.0
65.0,2,661,101,1,130.0,56.0,74.0
136.0,2,661,93,1,56.97,44.97,12.0
142.0,2,661,333,1,14.89,11.49,3.4000000000000004
161.0,2,661,103,1,6.99,3.53,3.4600000000000004
60.0,2,535,169,1,34.0,16.0,18.0
64.0,2,535,130,1,480.0,200.0,280.0
65.0,2,534,169,1,130.0,56.0,74.0
66.0,2,535,169,1,600.0,250.0,350.0
127.0,2,535,285,1,27.59,18.34,9.25
56.0,2,659,151,1,26.0,13.0,13.0
137.0,2,597,215,1,128.97,113.37,15.599999999999994
32.0,2,639,135,3,480.0,300.0,180.0
35.0,2,639,52,1,14.0,4.0,10.0
60.0,2,639,258,1,34.0,16.0,18.0
70.0,2,639,226,1,180.0,98.0,82.0
38.0,2,618,225,4,48.0,20.0,28.0
63.0,2,618,8,1,120.0,70.0,50.0
67.0,2,618,8,1,83.0,35.0,48.0
152.0,2,617,182,1,26.99,21.69,5.299999999999997
153.0,2,618,287,1,7.98,6.78,1.2000000000000002
154.0,2,618,287,4,51.96,33.96,18.0
154.0,2,618,295,1,12.99,8.49,4.5
157.0,2,618,287,1,8.96,7.36,1.6000000000000003
28.0,2,551,231,2,64.0,40.0,24.0
56.0,2,551,131,1,26.0,13.0,13.0
71.0,2,551,107,1,120.0,80.0,40.0
136.0,2,551,191,1,56.97,44.97,12.0
141.0,2,551,283,4,79.96,52.36,27.599999999999994
38.0,2,654,125,2,24.0,10.0,14.0
65.0,2,654,122,1,130.0,56.0,74.0
70.0,2,654,167,1,180.0,98.0,82.0
156.0,2,654,242,1,15.89,12.49,3.4000000000000004
38.0,2,580,201,1,12.0,5.0,7.0
54.0,2,580,201,3,54.0,24.0,30.0
68.0,2,580,33,1,43.0,18.0,25.0
70.0,2,580,296,1,180.0,98.0,82.0
72.0,2,580,101,1,21.0,6.0,15.0
128.0,2,580,215,1,5.99,3.59,2.4000000000000004
136.0,2,580,215,1,56.97,44.97,12.0
149.0,2,580,212,1,33.59,24.8,8.790000000000003
154.0,2,580,264,1,12.99,8.49,4.5
65.0,2,517,164,1,130.0,56.0,74.0
70.0,2,517,150,1,180.0,98.0,82.0
71.0,2,517,150,1,120.0,80.0,40.0
38.0,2,641,220,1,12.0,5.0,7.0
157.0,2,641,258,1,8.96,7.36,1.6000000000000003
34.0,2,570,55,2,14.0,4.0,10.0
57.0,2,570,241,1,8.0,3.0,5.0
71.0,2,570,241,1,120.0,80.0,40.0
149.0,2,570,161,1,33.59,24.8,8.790000000000003
39.0,2,664,172,3,36.0,15.0,21.0
56.0,2,664,117,1,26.0,13.0,13.0
137.0,2,664,250,3,386.91,340.11,46.79999999999996
42.0,2,576,81,1,32.0,14.0,18.0
44.0,2,576,62,1,54.0,34.0,20.0
63.0,2,576,43,1,120.0,70.0,50.0
66.0,2,576,95,1,600.0,250.0,350.0
71.0,2,576,43,1,120.0,80.0,40.0
73.0,2,576,43,1,32.0,15.0,17.0
30.0,2,604,69,1,78.0,45.0,33.0
32.0,2,604,69,1,160.0,100.0,60.0
40.0,2,604,180,4,28.0,8.0,20.0
64.0,2,604,172,1,480.0,200.0,280.0
40.0,2,545,279,1,7.0,2.0,5.0
58.0,2,545,19,2,96.0,46.0,50.0
58.0,2,545,144,1,48.0,23.0,25.0
63.0,2,545,144,1,120.0,70.0,50.0
156.0,2,545,288,2,31.78,24.98,6.800000000000001
34.0,2,585,121,1,7.0,2.0,5.0
60.0,2,585,146,2,68.0,32.0,36.0
67.0,2,585,101,1,83.0,35.0,48.0
145.0,2,585,282,3,146.97,108.69,38.28
155.0,2,585,282,1,13.99,9.19,4.800000000000001
163.0,2,585,282,1,13.59,9.24,4.35
37.0,2,608,169,1,8.0,3.0,5.0
38.0,2,608,167,2,24.0,10.0,14.0
56.0,2,608,98,1,26.0,13.0,13.0
64.0,2,608,191,1,480.0,200.0,280.0
140.0,2,608,256,1,23.99,19.43,4.559999999999999
37.0,2,571,201,2,16.0,6.0,10.0
40.0,2,571,172,1,7.0,2.0,5.0
54.0,2,571,37,1,18.0,8.0,10.0
64.0,2,571,73,1,480.0,200.0,280.0
65.0,2,571,23,1,130.0,56.0,74.0
65.0,2,571,57,3,390.0,168.0,222.0
71.0,2,571,126,3,360.0,240.0,120.0
128.0,2,571,266,1,5.99,3.59,2.4000000000000004
38.0,2,573,239,1,12.0,5.0,7.0
62.0,2,573,53,1,28.0,12.0,16.0
62.0,2,573,242,1,28.0,12.0,16.0
69.0,2,573,116,1,140.0,60.0,80.0
32.0,2,587,78,1,160.0,100.0,60.0
37.0,2,587,183,4,32.0,12.0,20.0
54.0,2,587,187,2,36.0,16.0,20.0
28.0,2,515,102,3,96.0,60.0,36.0
29.0,2,515,102,1,350.0,150.0,200.0
35.0,2,515,99,1,14.0,4.0,10.0
36.0,2,515,251,4,64.0,16.0,48.0
38.0,2,515,99,1,12.0,5.0,7.0
65.0,2,515,336,4,520.0,224.0,296.0
70.0,2,515,216,1,180.0,98.0,82.0
161.0,2,515,243,1,6.99,3.53,3.4600000000000004
34.0,2,637,68,2,14.0,4.0,10.0
39.0,2,637,85,1,12.0,5.0,7.0
41.0,2,637,255,1,8.0,3.0,5.0
45.0,2,637,85,1,12.0,3.0,9.0
48.0,2,637,85,1,12.0,8.0,4.0
64.0,2,637,321,1,480.0,200.0,280.0
70.0,2,637,46,1,180.0,98.0,82.0
133.0,2,637,307,1,27.98,21.44,6.539999999999999
31.0,2,615,179,1,84.0,36.0,48.0
33.0,2,615,141,3,1350.0,600.0,750.0
56.0,2,615,333,3,78.0,39.0,39.0
65.0,2,615,243,2,260.0,112.0,148.0
35.0,2,616,110,1,14.0,4.0,10.0
29.0,2,591,324,1,350.0,150.0,200.0
30.0,2,591,311,1,78.0,45.0,33.0
31.0,2,591,324,1,84.0,36.0,48.0
53.0,2,591,315,1,34.0,14.0,20.0
56.0,2,591,149,1,26.0,13.0,13.0
71.0,2,591,77,1,120.0,80.0,40.0
71.0,2,591,332,1,120.0,80.0,40.0
157.0,2,591,147,1,8.96,7.36,1.6000000000000003
59.0,2,537,89,1,23.0,12.0,11.0
132.0,2,537,271,1,18.99,13.51,5.479999999999999
156.0,2,537,183,1,15.89,12.49,3.4000000000000004
31.0,2,578,279,3,252.0,108.0,144.0
73.0,2,578,10,1,32.0,15.0,17.0
36.0,2,529,301,1,16.0,4.0,12.0
52.0,2,529,272,1,12.0,4.0,8.0
60.0,2,529,216,1,34.0,16.0,18.0
67.0,2,529,216,1,83.0,35.0,48.0
68.0,2,529,216,1,43.0,18.0,25.0
127.0,2,529,291,1,27.59,18.34,9.25
46.0,2,634,267,1,4.0,1.0,3.0
59.0,2,634,31,1,23.0,12.0,11.0
70.0,2,634,188,1,180.0,98.0,82.0
71.0,2,634,204,1,120.0,80.0,40.0
139.0,2,634,289,1,18.99,15.41,3.5799999999999983
67.0,2,612,251,4,332.0,140.0,192.0
29.0,2,623,305,3,1050.0,450.0,600.0
36.0,2,623,133,3,48.0,12.0,36.0
59.0,2,623,253,1,23.0,12.0,11.0
138.0,2,623,241,4,129.16,93.56,35.599999999999994
143.0,2,623,241,1,16.49,10.49,5.999999999999998
154.0,2,623,241,3,38.97,25.47,13.5
158.0,2,623,241,3,44.94,34.56,10.379999999999995
40.0,2,555,10,1,7.0,2.0,5.0
42.0,2,555,10,1,32.0,14.0,18.0
56.0,2,555,152,1,26.0,13.0,13.0
127.0,2,555,33,1,27.59,18.34,9.25
147.0,2,555,265,4,519.96,393.96,126.00000000000006
152.0,2,555,84,1,26.99,21.69,5.299999999999997
37.0,2,549,201,3,24.0,9.0,15.0
40.0,2,549,335,1,7.0,2.0,5.0
61.0,2,549,215,1,23.0,12.0,11.0
62.0,2,549,215,3,84.0,36.0,48.0
68.0,2,549,215,3,129.0,54.0,75.0
69.0,2,549,215,1,140.0,60.0,80.0
150.0,2,549,277,1,19.99,16.4,3.59
57.0,2,656,127,1,8.0,3.0,5.0
60.0,2,656,184,2,68.0,32.0,36.0
72.0,2,656,70,1,21.0,6.0,15.0
141.0,2,656,162,1,19.99,13.09,6.899999999999999
64.0,2,581,263,1,480.0,200.0,280.0
126.0,2,581,73,1,15.99,11.49,4.5
133.0,2,581,73,1,27.98,21.44,6.539999999999999
142.0,2,581,73,1,14.89,11.49,3.4000000000000004
31.0,2,667,90,2,168.0,72.0,96.0
71.0,2,667,83,1,120.0,80.0,40.0
38.0,2,657,180,1,12.0,5.0,7.0
63.0,2,657,124,1,120.0,70.0,50.0
140.0,2,657,275,1,23.99,19.43,4.559999999999999
30.0,2,558,64,3,234.0,135.0,99.0
58.0,2,558,278,1,48.0,23.0,25.0
60.0,2,558,278,1,34.0,16.0,18.0
61.0,2,558,278,1,23.0,12.0,11.0
66.0,2,558,184,3,1800.0,750.0,1050.0
37.0,2,560,208,3,24.0,9.0,15.0
144.0,2,560,275,1,13.59,9.03,4.5600000000000005
43.0,2,524,199,3,42.0,18.0,24.0
59.0,2,524,259,4,92.0,48.0,44.0
132.0,2,524,101,1,18.99,13.51,5.479999999999999
138.0,2,524,101,1,32.29,23.39,8.899999999999999
158.0,2,524,101,1,14.98,11.52,3.460000000000001
162.0,2,524,101,1,69.89,54.94,14.950000000000005
34.0,2,538,296,1,7.0,2.0,5.0
64.0,2,538,307,1,480.0,200.0,280.0
67.0,2,538,87,3,249.0,105.0,144.0
151.0,2,538,213,1,38.99,26.4,12.590000000000003
153.0,2,538,125,1,7.98,6.78,1.2000000000000002
154.0,2,538,213,3,38.97,25.47,13.5
158.0,2,538,213,2,29.96,23.04,6.920000000000002
41.0,2,638,36,3,24.0,9.0,15.0
56.0,2,638,138,1,26.0,13.0,13.0
61.0,2,638,138,1,23.0,12.0,11.0
64.0,2,638,138,1,480.0,200.0,280.0
68.0,2,638,138,4,172.0,72.0,100.0
72.0,2,638,195,1,21.0,6.0,15.0
72.0,2,638,312,1,21.0,6.0,15.0
134.0,2,638,254,1,37.69,31.29,6.399999999999999
163.0,2,638,78,4,54.36,36.96,17.4
41.0,2,588,205,1,8.0,3.0,5.0
137.0,2,588,227,1,128.97,113.37,15.599999999999994
141.0,2,588,319,1,19.99,13.09,6.899999999999999
159.0,2,588,227,3,14.97,11.88,3.0900000000000016
29.0,2,584,38,1,350.0,150.0,200.0
34.0,2,584,47,1,7.0,2.0,5.0
61.0,2,584,287,3,69.0,36.0,33.0
65.0,2,584,287,4,520.0,224.0,296.0
66.0,2,584,170,3,1800.0,750.0,1050.0
67.0,2,584,287,1,83.0,35.0,48.0
68.0,2,584,287,1,43.0,18.0,25.0
38.0,2,511,290,1,12.0,5.0,7.0
58.0,2,511,308,3,144.0,69.0,75.0
59.0,2,511,59,1,23.0,12.0,11.0
59.0,2,511,183,1,23.0,12.0,11.0
61.0,2,511,155,1,23.0,12.0,11.0
69.0,2,511,296,1,140.0,60.0,80.0
73.0,2,511,296,1,32.0,15.0,17.0
40.0,2,600,329,4,28.0,8.0,20.0
41.0,2,600,232,1,8.0,3.0,5.0
60.0,2,600,94,1,34.0,16.0,18.0
30.0,2,614,41,4,312.0,180.0,132.0
54.0,2,614,243,1,18.0,8.0,10.0
47.0,2,653,110,1,6.0,2.5,3.5
68.0,2,653,201,4,172.0,72.0,100.0
36.0,2,589,204,3,48.0,12.0,36.0
57.0,2,589,134,1,8.0,3.0,5.0
59.0,2,589,134,1,23.0,12.0,11.0
66.0,2,589,134,4,2400.0,1000.0,1400.0
142.0,2,589,229,1,14.89,11.49,3.4000000000000004
41.0,2,505,82,1,8.0,3.0,5.0
137.0,2,505,303,4,515.88,453.48,62.39999999999998
45.0,2,563,268,2,24.0,6.0,18.0
64.0,2,563,250,4,1920.0,800.0,1120.0
161.0,2,563,214,3,20.97,10.59,10.38
64.0,2,624,125,1,480.0,200.0,280.0
71.0,2,624,264,1,120.0,80.0,40.0
58.0,2,602,119,1,48.0,23.0,25.0
160.0,2,602,204,2,79.98,50.38,29.6
161.0,2,602,204,4,27.96,14.12,13.840000000000002
37.0,2,547,301,1,8.0,3.0,5.0
58.0,2,547,87,1,48.0,23.0,25.0
131.0,2,547,146,1,13.49,8.07,5.42
137.0,2,547,10,3,386.91,340.11,46.79999999999996
57.0,2,539,185,2,16.0,6.0,10.0
69.0,2,539,185,1,140.0,60.0,80.0
71.0,2,539,193,1,120.0,80.0,40.0
28.0,2,625,311,1,32.0,20.0,12.0
72.0,2,625,332,3,63.0,18.0,45.0
57.0,2,607,9,1,8.0,3.0,5.0
67.0,2,607,104,1,83.0,35.0,48.0
128.0,2,607,239,1,5.99,3.59,2.4000000000000004
34.0,2,520,118,2,14.0,4.0,10.0
42.0,2,520,118,1,32.0,14.0,18.0
30.0,2,572,69,4,312.0,180.0,132.0
32.0,2,572,158,1,160.0,100.0,60.0
136.0,2,572,268,1,56.97,44.97,12.0
157.0,2,572,129,1,8.96,7.36,1.6000000000000003
40.0,2,523,188,1,7.0,2.0,5.0
62.0,2,523,165,1,28.0,12.0,16.0
129.0,2,523,281,1,13.49,9.84,3.65
135.0,2,523,281,1,38.99,30.02,8.970000000000002
140.0,2,523,281,1,23.99,19.43,4.559999999999999
143.0,2,523,281,1,16.49,10.49,5.999999999999998
54.0,2,569,271,1,18.0,8.0,10.0
57.0,2,569,237,1,8.0,3.0,5.0
60.0,2,569,237,1,34.0,16.0,18.0
72.0,2,569,237,4,84.0,24.0,60.0
73.0,2,569,249,3,96.0,45.0,51.0
148.0,2,569,210,1,23.97,18.29,5.68
159.0,2,569,287,2,9.98,7.92,2.0600000000000005
38.0,2,642,58,2,24.0,10.0,14.0
43.0,2,642,255,1,14.0,6.0,8.0
58.0,2,642,238,4,192.0,92.0,100.0
63.0,2,642,238,1,120.0,70.0,50.0
69.0,2,642,238,1,140.0,60.0,80.0
130.0,2,642,201,1,19.99,13.21,6.779999999999998
135.0,2,642,201,1,38.99,30.02,8.970000000000002
159.0,2,642,201,1,4.99,3.96,1.0300000000000002
33.0,2,519,69,2,900.0,400.0,500.0
37.0,2,519,232,1,8.0,3.0,5.0
37.0,2,519,312,1,8.0,3.0,5.0
38.0,2,519,275,3,36.0,15.0,21.0
59.0,2,519,207,1,23.0,12.0,11.0
131.0,2,519,83,1,13.49,8.07,5.42
29.0,2,509,141,1,350.0,150.0,200.0
36.0,2,509,143,2,32.0,8.0,24.0
36.0,2,509,327,1,16.0,4.0,12.0
38.0,2,509,327,1,12.0,5.0,7.0
60.0,2,509,201,2,68.0,32.0,36.0
67.0,2,509,201,1,83.0,35.0,48.0
144.0,2,509,206,1,13.59,9.03,4.5600000000000005
66.0,2,514,21,1,600.0,250.0,350.0
69.0,2,514,168,1,140.0,60.0,80.0
70.0,2,514,168,3,540.0,294.0,246.0
127.0,2,514,206,1,27.59,18.34,9.25
132.0,2,514,206,3,56.97,40.53,16.439999999999998
65.0,2,528,299,1,130.0,56.0,74.0
71.0,2,528,44,1,120.0,80.0,40.0
147.0,2,528,173,1,129.99,98.49,31.50000000000001
155.0,2,528,116,4,55.96,36.76,19.200000000000003
56.0,2,645,322,1,26.0,13.0,13.0
71.0,2,645,224,4,480.0,320.0,160.0
127.0,2,645,116,3,82.77,55.02,27.75
134.0,2,645,244,1,37.69,31.29,6.399999999999999
144.0,2,645,116,1,13.59,9.03,4.5600000000000005
150.0,2,645,116,1,19.99,16.4,3.59
154.0,2,645,116,1,12.99,8.49,4.5
61.0,2,590,220,1,23.0,12.0,11.0
63.0,2,590,51,1,120.0,70.0,50.0
68.0,2,590,88,1,43.0,18.0,25.0
72.0,2,590,51,1,21.0,6.0,15.0
34.0,2,652,189,1,7.0,2.0,5.0
40.0,2,652,189,1,7.0,2.0,5.0
41.0,2,652,142,1,8.0,3.0,5.0
67.0,2,652,156,1,83.0,35.0,48.0
159.0,2,652,250,4,19.96,15.84,4.120000000000001
51.0,1,40,426,1,12.0,5.0,7.0
41.0,1,46,443,3,24.0,9.0,15.0
45.0,1,49,367,2,24.0,6.0,18.0
51.0,1,51,410,1,12.0,5.0,7.0
61.0,1,53,445,1,23.0,12.0,11.0
43.0,1,54,384,1,14.0,6.0,8.0
40.0,1,62,348,1,7.0,2.0,5.0
53.0,1,63,365,1,34.0,14.0,20.0
67.0,1,64,399,1,83.0,35.0,48.0
162.0,1,65,411,1,69.89,54.94,14.950000000000005
21.0,1,66,371,3,135.0,66.0,69.0
151.0,1,68,373,1,38.99,26.4,12.590000000000003
63.0,1,69,357,1,120.0,70.0,50.0
111.0,1,70,6,4,199.8,159.8,40.0
44.0,1,71,401,1,54.0,34.0,20.0
49.0,1,72,401,1,52.0,20.0,32.0
54.0,1,73,401,4,72.0,32.0,40.0
54.0,1,74,401,1,18.0,8.0,10.0
148.0,1,75,373,4,95.88,73.16,22.72
38.0,1,76,393,4,48.0,20.0,28.0
153.0,1,77,410,1,7.98,6.78,1.2000000000000002
40.0,1,78,413,1,7.0,2.0,5.0
56.0,1,81,379,1,26.0,13.0,13.0
45.0,1,82,457,2,24.0,6.0,18.0
94.0,1,83,404,1,77.95,54.5,23.450000000000003
107.0,1,85,404,1,23.95,19.0,4.949999999999999
118.0,1,86,404,1,49.95,34.0,15.950000000000005
67.0,1,87,427,2,166.0,70.0,96.0
64.0,1,88,415,1,480.0,200.0,280.0
53.0,1,90,377,1,34.0,14.0,20.0
46.0,1,92,1,2,8.0,2.0,6.0
48.0,1,93,1,2,24.0,16.0,8.0
49.0,1,94,1,1,52.0,20.0,32.0
52.0,1,95,1,3,36.0,12.0,24.0
163.0,1,96,439,3,40.77,27.72,13.049999999999995
36.0,1,97,360,1,16.0,4.0,12.0
65.0,1,98,352,3,390.0,168.0,222.0
63.0,1,100,451,1,120.0,70.0,50.0
38.0,1,101,398,1,12.0,5.0,7.0
41.0,1,102,398,1,8.0,3.0,5.0
54.0,1,103,398,1,18.0,8.0,10.0
155.0,1,104,427,1,13.99,9.19,4.800000000000001
115.0,1,105,423,1,125.38,100.0,25.379999999999995
32.0,1,107,435,1,160.0,100.0,60.0
66.0,1,108,258,1,600.0,250.0,350.0
15.0,1,110,352,1,35.0,17.0,18.0
137.0,1,111,433,1,128.97,113.37,15.599999999999994
40.0,1,115,402,1,7.0,2.0,5.0
131.0,1,118,406,3,40.47,24.21,16.259999999999998
132.0,1,119,406,1,18.99,13.51,5.479999999999999
137.0,1,120,406,3,386.91,340.11,46.79999999999996
140.0,1,121,406,1,23.99,19.43,4.559999999999999
30.0,1,123,347,1,78.0,45.0,33.0
149.0,1,124,358,1,33.59,24.8,8.790000000000003
83.0,1,125,456,4,759.8,596.0,163.79999999999995
38.0,1,127,415,2,24.0,10.0,14.0
149.0,1,128,363,4,134.36,99.2,35.16000000000001
64.0,1,129,430,1,480.0,200.0,280.0
67.0,1,130,457,1,83.0,35.0,48.0
83.0,1,132,385,1,189.95,149.0,40.94999999999999
69.0,1,133,393,2,280.0,120.0,160.0
66.0,1,134,447,1,600.0,250.0,350.0
8.0,1,135,378,1,87.0,43.0,44.0
12.0,1,136,378,2,70.0,34.0,36.0
21.0,1,137,378,1,45.0,22.0,23.0
24.0,1,138,378,1,45.0,22.0,23.0
37.0,1,142,340,3,24.0,9.0,15.0
156.0,1,143,443,1,15.89,12.49,3.4000000000000004
72.0,1,144,447,3,63.0,18.0,45.0
42.0,1,145,5,1,32.0,14.0,18.0
46.0,1,146,450,1,4.0,1.0,3.0
50.0,1,147,450,1,6.0,2.5,3.5
72.0,1,148,378,1,21.0,6.0,15.0
152.0,1,151,438,1,26.99,21.69,5.299999999999997
63.0,1,152,412,1,120.0,70.0,50.0
85.0,1,153,395,1,99.95,85.5,14.450000000000005
72.0,1,154,454,1,21.0,6.0,15.0
65.0,1,155,431,1,130.0,56.0,74.0
72.0,1,156,349,1,21.0,6.0,15.0
30.0,1,159,435,1,78.0,45.0,33.0
51.0,1,162,349,4,48.0,20.0,28.0
141.0,1,163,159,1,19.99,13.09,6.899999999999999
132.0,1,165,419,1,18.99,13.51,5.479999999999999
142.0,1,167,419,4,59.56,45.96,13.6
53.0,1,169,449,1,34.0,14.0,20.0
72.0,1,170,397,1,21.0,6.0,15.0
161.0,1,171,344,1,6.99,3.53,3.4600000000000004
65.0,1,172,6,2,260.0,112.0,148.0
129.0,1,174,355,1,13.49,9.84,3.65
145.0,1,175,369,1,48.99,36.23,12.760000000000003
157.0,1,176,345,1,8.96,7.36,1.6000000000000003
35.0,1,177,420,1,14.0,4.0,10.0
40.0,1,178,420,2,14.0,4.0,10.0
51.0,1,179,420,3,36.0,15.0,21.0
118.0,1,183,372,1,49.95,34.0,15.950000000000005
39.0,1,184,378,1,12.0,5.0,7.0
40.0,1,185,378,2,14.0,4.0,10.0
44.0,1,186,378,3,162.0,102.0,60.0
46.0,1,187,378,1,4.0,1.0,3.0
73.0,1,189,400,1,32.0,15.0,17.0
146.0,1,192,398,1,7.98,5.55,2.4300000000000006
46.0,1,194,339,1,4.0,1.0,3.0
142.0,1,195,377,2,29.78,22.98,6.800000000000001
45.0,1,196,369,3,36.0,9.0,27.0
50.0,1,198,403,4,24.0,10.0,14.0
143.0,1,200,159,1,16.49,10.49,5.999999999999998
146.0,1,201,159,1,7.98,5.55,2.4300000000000006
161.0,1,202,159,1,6.99,3.53,3.4600000000000004
56.0,1,203,438,1,26.0,13.0,13.0
63.0,1,204,438,1,120.0,70.0,50.0
65.0,1,205,438,1,130.0,56.0,74.0
37.0,1,206,7,4,32.0,12.0,20.0
144.0,1,207,393,1,13.59,9.03,4.5600000000000005
112.0,1,209,357,1,155.95,129.0,26.94999999999999
65.0,1,211,346,1,130.0,56.0,74.0
63.0,1,212,421,1,120.0,70.0,50.0
101.0,1,213,409,3,109.5,88.19999999999999,21.30000000000001
35.0,1,214,391,1,14.0,4.0,10.0
133.0,1,215,447,1,27.98,21.44,6.539999999999999
34.0,1,216,350,1,7.0,2.0,5.0
35.0,1,217,350,2,28.0,8.0,20.0
43.0,1,218,350,3,42.0,18.0,24.0
156.0,1,219,413,2,31.78,24.98,6.800000000000001
131.0,1,220,387,1,13.49,8.07,5.42
134.0,1,221,387,4,150.76,125.16,25.599999999999994
145.0,1,222,387,4,195.96,144.92,51.04000000000002
54.0,1,224,436,1,18.0,8.0,10.0
143.0,1,225,355,1,16.49,10.49,5.999999999999998
144.0,1,230,364,1,13.59,9.03,4.5600000000000005
106.0,1,233,351,1,112.5,89.9,22.599999999999994
37.0,1,234,349,1,8.0,3.0,5.0
53.0,1,235,412,1,34.0,14.0,20.0
42.0,1,236,372,4,128.0,56.0,72.0
48.0,1,237,372,2,24.0,16.0,8.0
54.0,1,238,372,1,18.0,8.0,10.0
57.0,1,239,413,1,8.0,3.0,5.0
60.0,1,240,413,1,34.0,16.0,18.0
63.0,1,241,413,1,120.0,70.0,50.0
72.0,1,242,413,1,21.0,6.0,15.0
100.0,1,244,402,1,49.95,45.0,4.950000000000003
60.0,1,245,378,1,34.0,16.0,18.0
62.0,1,246,378,1,28.0,12.0,16.0
72.0,1,247,378,1,21.0,6.0,15.0
72.0,1,248,351,1,21.0,6.0,15.0
41.0,1,249,402,1,8.0,3.0,5.0
68.0,1,250,441,1,43.0,18.0,25.0
56.0,1,251,339,1,26.0,13.0,13.0
60.0,1,252,339,1,34.0,16.0,18.0
65.0,1,253,339,1,130.0,56.0,74.0
72.0,1,254,339,1,21.0,6.0,15.0
61.0,1,255,352,1,23.0,12.0,11.0
63.0,1,256,352,2,240.0,140.0,100.0
69.0,1,257,352,2,280.0,120.0,160.0
70.0,1,258,352,1,180.0,98.0,82.0
52.0,1,259,373,4,48.0,16.0,32.0
34.0,1,260,394,1,7.0,2.0,5.0
48.0,1,261,374,1,12.0,8.0,4.0
68.0,1,262,408,3,129.0,54.0,75.0
32.0,1,263,404,1,160.0,100.0,60.0
131.0,1,264,429,1,13.49,8.07,5.42
139.0,1,266,429,1,18.99,15.41,3.5799999999999983
141.0,1,267,429,1,19.99,13.09,6.899999999999999
101.0,1,268,453,1,36.5,29.4,7.100000000000001
134.0,1,269,456,1,37.69,31.29,6.399999999999999
146.0,1,270,456,1,7.98,5.55,2.4300000000000006
150.0,1,271,456,1,19.99,16.4,3.59
43.0,1,272,383,2,28.0,12.0,16.0
97.0,1,273,385,1,199.95,169.0,30.94999999999999
111.0,1,274,385,1,49.95,39.95,10.0
117.0,1,275,385,1,325.87,229.99,95.88
147.0,1,276,346,1,129.99,98.49,31.50000000000001
34.0,1,277,397,1,7.0,2.0,5.0
37.0,1,278,397,1,8.0,3.0,5.0
37.0,1,279,397,2,16.0,6.0,10.0
51.0,1,280,397,1,12.0,5.0,7.0
61.0,1,282,433,1,23.0,12.0,11.0
69.0,1,283,433,1,140.0,60.0,80.0
70.0,1,284,433,3,540.0,294.0,246.0
72.0,1,285,433,3,63.0,18.0,45.0
58.0,1,286,428,1,48.0,23.0,25.0
61.0,1,287,402,3,69.0,36.0,33.0
62.0,1,288,402,1,28.0,12.0,16.0
67.0,1,289,402,1,83.0,35.0,48.0
50.0,1,290,439,1,6.0,2.5,3.5
40.0,1,291,373,1,7.0,2.0,5.0
132.0,1,292,424,3,56.97,40.53,16.439999999999998
45.0,1,293,375,1,12.0,3.0,9.0
32.0,1,294,430,1,160.0,100.0,60.0
153.0,1,295,355,1,7.98,6.78,1.2000000000000002
41.0,1,296,361,4,32.0,12.0,20.0
45.0,1,297,361,1,12.0,3.0,9.0
54.0,1,298,361,1,18.0,8.0,10.0
102.0,1,301,393,1,139.99,101.0,38.99000000000001
59.0,1,302,440,1,23.0,12.0,11.0
63.0,1,303,440,1,120.0,70.0,50.0
64.0,1,304,440,3,1440.0,600.0,840.0
68.0,1,305,440,1,43.0,18.0,25.0
58.0,1,306,409,3,144.0,69.0,75.0
39.0,1,307,418,1,12.0,5.0,7.0
44.0,1,308,418,1,54.0,34.0,20.0
46.0,1,309,418,1,4.0,1.0,3.0
134.0,1,311,340,3,113.07,93.87,19.19999999999999
66.0,1,312,438,1,600.0,250.0,350.0
139.0,1,314,350,3,56.97,46.23,10.739999999999997
41.0,1,315,458,1,8.0,3.0,5.0
106.0,1,316,339,1,112.5,89.9,22.599999999999994
160.0,1,317,372,1,39.99,25.19,14.8
62.0,1,318,352,1,28.0,12.0,16.0
148.0,1,319,433,1,23.97,18.29,5.68
39.0,1,320,382,1,12.0,5.0,7.0
63.0,1,321,449,1,120.0,70.0,50.0
57.0,1,322,342,1,8.0,3.0,5.0
35.0,1,323,403,1,14.0,4.0,10.0
36.0,1,324,403,1,16.0,4.0,12.0
39.0,1,325,403,1,12.0,5.0,7.0
69.0,1,326,428,4,560.0,240.0,320.0
34.0,1,327,380,1,7.0,2.0,5.0
44.0,1,328,380,1,54.0,34.0,20.0
48.0,1,329,380,1,12.0,8.0,4.0
59.0,1,330,3,1,23.0,12.0,11.0
142.0,1,331,436,1,14.89,11.49,3.4000000000000004
127.0,1,332,444,1,27.59,18.34,9.25
18.0,1,335,380,1,35.0,17.0,18.0
70.0,1,336,369,1,180.0,98.0,82.0
60.0,1,337,414,1,34.0,16.0,18.0
38.0,1,338,365,4,48.0,20.0,28.0
153.0,1,340,453,1,7.98,6.78,1.2000000000000002
154.0,1,341,453,4,51.96,33.96,18.0
157.0,1,342,453,1,8.96,7.36,1.6000000000000003
154.0,1,343,358,1,12.99,8.49,4.5
28.0,1,345,398,2,64.0,40.0,24.0
141.0,1,348,434,4,79.96,52.36,27.599999999999994
43.0,1,349,342,1,14.0,6.0,8.0
156.0,1,352,447,1,15.89,12.49,3.4000000000000004
154.0,1,356,208,1,12.99,8.49,4.5
70.0,1,357,363,1,180.0,98.0,82.0
92.0,1,360,345,3,299.85,269.85,30.0
53.0,1,362,362,1,34.0,14.0,20.0
38.0,1,364,343,1,12.0,5.0,7.0
157.0,1,365,414,1,8.96,7.36,1.6000000000000003
76.0,1,367,159,1,499.95,450.0,49.94999999999999
79.0,1,368,159,4,199.8,156.0,43.80000000000001
99.0,1,369,159,4,359.8,239.0,120.8
57.0,1,371,442,1,8.0,3.0,5.0
71.0,1,373,442,1,120.0,80.0,40.0
137.0,1,375,361,3,386.91,340.11,46.79999999999996
40.0,1,381,415,1,7.0,2.0,5.0
156.0,1,382,456,2,31.78,24.98,6.800000000000001
94.0,1,384,2,1,77.95,54.5,23.450000000000003
80.0,1,385,408,1,95.25,54.8,40.45
145.0,1,388,429,3,146.97,108.69,38.28
155.0,1,389,429,1,13.99,9.19,4.800000000000001
163.0,1,390,429,1,13.59,9.24,4.35
140.0,1,393,406,1,23.99,19.43,4.559999999999999
128.0,1,396,345,1,5.99,3.59,2.4000000000000004
38.0,1,400,432,1,12.0,5.0,7.0
62.0,1,401,447,1,28.0,12.0,16.0
43.0,1,403,4,1,14.0,6.0,8.0
78.0,1,407,447,3,197.85,150.0,47.85000000000002
88.0,1,408,447,1,585.95,396.3,189.65000000000003
98.0,1,409,447,2,599.9,500.0,99.89999999999998
161.0,1,410,455,1,6.99,3.53,3.4600000000000004
36.0,1,411,366,4,64.0,16.0,48.0
65.0,1,412,451,4,520.0,224.0,296.0
41.0,1,415,390,1,8.0,3.0,5.0
83.0,1,416,425,1,189.95,149.0,40.94999999999999
133.0,1,417,425,1,27.98,21.44,6.539999999999999
64.0,1,418,368,1,480.0,200.0,280.0
65.0,1,420,455,2,260.0,112.0,148.0
49.0,1,421,399,2,104.0,40.0,64.0
56.0,1,423,436,3,78.0,39.0,39.0
45.0,1,426,410,1,12.0,3.0,9.0
46.0,1,430,407,1,4.0,1.0,3.0
30.0,1,431,445,1,78.0,45.0,33.0
53.0,1,433,3,1,34.0,14.0,20.0
29.0,1,434,384,1,350.0,150.0,200.0
31.0,1,435,384,1,84.0,36.0,48.0
71.0,1,437,431,1,120.0,80.0,40.0
132.0,1,440,378,1,18.99,13.51,5.479999999999999
124.0,1,441,342,4,460.0,336.0,124.0
31.0,1,445,415,3,252.0,108.0,144.0
52.0,1,449,382,1,12.0,4.0,8.0
127.0,1,450,236,1,27.59,18.34,9.25
36.0,1,452,396,1,16.0,4.0,12.0
46.0,1,453,349,1,4.0,1.0,3.0
139.0,1,454,2,1,18.99,15.41,3.5799999999999983
67.0,1,456,366,4,332.0,140.0,192.0
46.0,1,457,353,1,4.0,1.0,3.0
138.0,1,460,442,4,129.16,93.56,35.599999999999994
143.0,1,461,442,1,16.49,10.49,5.999999999999998
154.0,1,462,442,3,38.97,25.47,13.5
158.0,1,463,442,3,44.94,34.56,10.379999999999995
59.0,1,464,373,1,23.0,12.0,11.0
29.0,1,467,416,3,1050.0,450.0,600.0
147.0,1,472,341,4,519.96,393.96,126.00000000000006
53.0,1,473,374,1,34.0,14.0,20.0
150.0,1,476,402,1,19.99,16.4,3.59
40.0,1,477,446,1,7.0,2.0,5.0
64.0,1,484,448,1,480.0,200.0,280.0
60.0,1,486,428,3,102.0,48.0,54.0
49.0,1,489,455,1,52.0,20.0,32.0
45.0,1,490,438,2,24.0,6.0,18.0
47.0,1,491,438,4,24.0,10.0,14.0
140.0,1,492,395,1,23.99,19.43,4.559999999999999
99.0,1,498,356,4,359.8,239.0,120.8
58.0,1,499,407,1,48.0,23.0,25.0
60.0,1,500,407,1,34.0,16.0,18.0
61.0,1,501,407,1,23.0,12.0,11.0
51.0,1,231,426,1,12.0,5.0,7.0
41.0,1,379,443,3,24.0,9.0,15.0
45.0,1,379,367,2,24.0,6.0,18.0
51.0,1,391,410,1,12.0,5.0,7.0
61.0,1,391,445,1,23.0,12.0,11.0
43.0,1,391,384,1,14.0,6.0,8.0
40.0,1,475,348,1,7.0,2.0,5.0
53.0,1,475,365,1,34.0,14.0,20.0
67.0,1,475,399,1,83.0,35.0,48.0
162.0,1,475,411,1,69.89,54.94,14.950000000000005
21.0,1,475,371,3,135.0,66.0,69.0
151.0,1,481,373,1,38.99,26.4,12.590000000000003
63.0,1,481,357,1,120.0,70.0,50.0
111.0,1,481,6,4,199.8,159.8,40.0
44.0,1,2,401,1,54.0,34.0,20.0
49.0,1,2,401,1,52.0,20.0,32.0
54.0,1,2,401,4,72.0,32.0,40.0
54.0,1,2,401,1,18.0,8.0,10.0
148.0,1,16,373,4,95.88,73.16,22.72
38.0,1,28,393,4,48.0,20.0,28.0
153.0,1,28,410,1,7.98,6.78,1.2000000000000002
40.0,1,33,413,1,7.0,2.0,5.0
56.0,1,36,379,1,26.0,13.0,13.0
45.0,1,56,457,2,24.0,6.0,18.0
94.0,1,61,404,1,77.95,54.5,23.450000000000003
107.0,1,61,404,1,23.95,19.0,4.949999999999999
118.0,1,61,404,1,49.95,34.0,15.950000000000005
67.0,1,79,427,2,166.0,70.0,96.0
64.0,1,89,415,1,480.0,200.0,280.0
99.0,1,89,368,2,179.9,119.5,60.400000000000006
53.0,1,91,377,1,34.0,14.0,20.0
46.0,1,109,1,2,8.0,2.0,6.0
48.0,1,109,1,2,24.0,16.0,8.0
49.0,1,109,1,1,52.0,20.0,32.0
52.0,1,109,1,3,36.0,12.0,24.0
163.0,1,109,439,3,40.77,27.72,13.049999999999995
36.0,1,126,360,1,16.0,4.0,12.0
65.0,1,126,352,3,390.0,168.0,222.0
63.0,1,126,451,1,120.0,70.0,50.0
38.0,1,131,398,1,12.0,5.0,7.0
41.0,1,131,398,1,8.0,3.0,5.0
54.0,1,131,398,1,18.0,8.0,10.0
155.0,1,131,427,1,13.99,9.19,4.800000000000001
115.0,1,131,423,1,125.38,100.0,25.379999999999995
32.0,1,161,435,1,160.0,100.0,60.0
66.0,1,161,258,1,600.0,250.0,350.0
15.0,1,164,352,1,35.0,17.0,18.0
137.0,1,164,433,1,128.97,113.37,15.599999999999994
40.0,1,180,402,1,7.0,2.0,5.0
131.0,1,190,406,3,40.47,24.21,16.259999999999998
132.0,1,190,406,1,18.99,13.51,5.479999999999999
137.0,1,190,406,3,386.91,340.11,46.79999999999996
140.0,1,190,406,1,23.99,19.43,4.559999999999999
30.0,1,190,347,1,78.0,45.0,33.0
149.0,1,193,358,1,33.59,24.8,8.790000000000003
83.0,1,210,456,4,759.8,596.0,163.79999999999995
38.0,1,232,415,2,24.0,10.0,14.0
149.0,1,232,363,4,134.36,99.2,35.16000000000001
64.0,1,232,430,1,480.0,200.0,280.0
67.0,1,232,457,1,83.0,35.0,48.0
83.0,1,281,385,1,189.95,149.0,40.94999999999999
69.0,1,281,393,2,280.0,120.0,160.0
66.0,1,281,447,1,600.0,250.0,350.0
8.0,1,281,378,1,87.0,43.0,44.0
12.0,1,281,378,2,70.0,34.0,36.0
21.0,1,281,378,1,45.0,22.0,23.0
24.0,1,281,378,1,45.0,22.0,23.0
37.0,1,333,340,3,24.0,9.0,15.0
156.0,1,333,443,1,15.89,12.49,3.4000000000000004
72.0,1,350,447,3,63.0,18.0,45.0
42.0,1,350,5,1,32.0,14.0,18.0
46.0,1,350,450,1,4.0,1.0,3.0
50.0,1,350,450,1,6.0,2.5,3.5
72.0,1,351,378,1,21.0,6.0,15.0
152.0,1,354,438,1,26.99,21.69,5.299999999999997
63.0,1,354,412,1,120.0,70.0,50.0
85.0,1,355,395,1,99.95,85.5,14.450000000000005
72.0,1,355,454,1,21.0,6.0,15.0
65.0,1,359,431,1,130.0,56.0,74.0
72.0,1,361,349,1,21.0,6.0,15.0
30.0,1,361,435,1,78.0,45.0,33.0
51.0,1,363,349,4,48.0,20.0,28.0
141.0,1,366,159,1,19.99,13.09,6.899999999999999
132.0,1,374,419,1,18.99,13.51,5.479999999999999
142.0,1,374,419,4,59.56,45.96,13.6
53.0,1,374,449,1,34.0,14.0,20.0
72.0,1,374,397,1,21.0,6.0,15.0
161.0,1,376,344,1,6.99,3.53,3.4600000000000004
65.0,1,376,6,2,260.0,112.0,148.0
129.0,1,377,355,1,13.49,9.84,3.65
145.0,1,377,369,1,48.99,36.23,12.760000000000003
157.0,1,378,345,1,8.96,7.36,1.6000000000000003
35.0,1,378,420,1,14.0,4.0,10.0
40.0,1,378,420,2,14.0,4.0,10.0
51.0,1,378,420,3,36.0,15.0,21.0
118.0,1,383,372,1,49.95,34.0,15.950000000000005
39.0,1,383,378,1,12.0,5.0,7.0
40.0,1,383,378,2,14.0,4.0,10.0
44.0,1,383,378,3,162.0,102.0,60.0
46.0,1,383,378,1,4.0,1.0,3.0
73.0,1,383,400,1,32.0,15.0,17.0
146.0,1,387,398,1,7.98,5.55,2.4300000000000006
46.0,1,392,339,1,4.0,1.0,3.0
142.0,1,392,377,2,29.78,22.98,6.800000000000001
45.0,1,394,369,3,36.0,9.0,27.0
50.0,1,394,403,4,24.0,10.0,14.0
143.0,1,395,159,1,16.49,10.49,5.999999999999998
146.0,1,395,159,1,7.98,5.55,2.4300000000000006
161.0,1,395,159,1,6.99,3.53,3.4600000000000004
56.0,1,395,438,1,26.0,13.0,13.0
63.0,1,395,438,1,120.0,70.0,50.0
65.0,1,395,438,1,130.0,56.0,74.0
37.0,1,395,7,4,32.0,12.0,20.0
144.0,1,397,393,1,13.59,9.03,4.5600000000000005
112.0,1,397,357,1,155.95,129.0,26.94999999999999
65.0,1,398,346,1,130.0,56.0,74.0
63.0,1,398,421,1,120.0,70.0,50.0
101.0,1,399,409,3,109.5,88.19999999999999,21.30000000000001
35.0,1,399,391,1,14.0,4.0,10.0
133.0,1,402,447,1,27.98,21.44,6.539999999999999
34.0,1,402,350,1,7.0,2.0,5.0
35.0,1,402,350,2,28.0,8.0,20.0
43.0,1,402,350,3,42.0,18.0,24.0
156.0,1,404,413,2,31.78,24.98,6.800000000000001
131.0,1,404,387,1,13.49,8.07,5.42
134.0,1,404,387,4,150.76,125.16,25.599999999999994
145.0,1,404,387,4,195.96,144.92,51.04000000000002
54.0,1,404,436,1,18.0,8.0,10.0
143.0,1,405,355,1,16.49,10.49,5.999999999999998
144.0,1,405,364,1,13.59,9.03,4.5600000000000005
106.0,1,406,351,1,112.5,89.9,22.599999999999994
37.0,1,406,349,1,8.0,3.0,5.0
53.0,1,406,412,1,34.0,14.0,20.0
42.0,1,413,372,4,128.0,56.0,72.0
48.0,1,413,372,2,24.0,16.0,8.0
54.0,1,413,372,1,18.0,8.0,10.0
57.0,1,413,413,1,8.0,3.0,5.0
60.0,1,413,413,1,34.0,16.0,18.0
63.0,1,413,413,1,120.0,70.0,50.0
72.0,1,413,413,1,21.0,6.0,15.0
100.0,1,414,402,1,49.95,45.0,4.950000000000003
60.0,1,419,378,1,34.0,16.0,18.0
62.0,1,419,378,1,28.0,12.0,16.0
72.0,1,419,378,1,21.0,6.0,15.0
72.0,1,422,351,1,21.0,6.0,15.0
41.0,1,422,402,1,8.0,3.0,5.0
68.0,1,422,441,1,43.0,18.0,25.0
56.0,1,424,339,1,26.0,13.0,13.0
60.0,1,424,339,1,34.0,16.0,18.0
65.0,1,424,339,1,130.0,56.0,74.0
72.0,1,424,339,1,21.0,6.0,15.0
61.0,1,425,352,1,23.0,12.0,11.0
63.0,1,425,352,2,240.0,140.0,100.0
69.0,1,425,352,2,280.0,120.0,160.0
70.0,1,425,352,1,180.0,98.0,82.0
52.0,1,425,373,4,48.0,16.0,32.0
34.0,1,427,394,1,7.0,2.0,5.0
48.0,1,427,374,1,12.0,8.0,4.0
68.0,1,427,408,3,129.0,54.0,75.0
32.0,1,427,404,1,160.0,100.0,60.0
131.0,1,428,429,1,13.49,8.07,5.42
139.0,1,428,429,1,18.99,15.41,3.5799999999999983
141.0,1,428,429,1,19.99,13.09,6.899999999999999
101.0,1,428,453,1,36.5,29.4,7.100000000000001
134.0,1,428,456,1,37.69,31.29,6.399999999999999
146.0,1,428,456,1,7.98,5.55,2.4300000000000006
150.0,1,428,456,1,19.99,16.4,3.59
43.0,1,428,383,2,28.0,12.0,16.0
97.0,1,429,385,1,199.95,169.0,30.94999999999999
111.0,1,429,385,1,49.95,39.95,10.0
117.0,1,429,385,1,325.87,229.99,95.88
147.0,1,429,346,1,129.99,98.49,31.50000000000001
34.0,1,429,397,1,7.0,2.0,5.0
37.0,1,429,397,1,8.0,3.0,5.0
37.0,1,429,397,2,16.0,6.0,10.0
51.0,1,429,397,1,12.0,5.0,7.0
61.0,1,432,433,1,23.0,12.0,11.0
69.0,1,432,433,1,140.0,60.0,80.0
70.0,1,432,433,3,540.0,294.0,246.0
72.0,1,432,433,3,63.0,18.0,45.0
58.0,1,438,428,1,48.0,23.0,25.0
61.0,1,438,402,3,69.0,36.0,33.0
62.0,1,438,402,1,28.0,12.0,16.0
67.0,1,438,402,1,83.0,35.0,48.0
50.0,1,438,439,1,6.0,2.5,3.5
40.0,1,439,373,1,7.0,2.0,5.0
132.0,1,439,424,3,56.97,40.53,16.439999999999998
45.0,1,439,375,1,12.0,3.0,9.0
32.0,1,439,430,1,160.0,100.0,60.0
153.0,1,442,355,1,7.98,6.78,1.2000000000000002
41.0,1,442,361,4,32.0,12.0,20.0
45.0,1,442,361,1,12.0,3.0,9.0
54.0,1,442,361,1,18.0,8.0,10.0
102.0,1,443,393,1,139.99,101.0,38.99000000000001
59.0,1,443,440,1,23.0,12.0,11.0
63.0,1,443,440,1,120.0,70.0,50.0
64.0,1,443,440,3,1440.0,600.0,840.0
68.0,1,443,440,1,43.0,18.0,25.0
58.0,1,444,409,3,144.0,69.0,75.0
39.0,1,444,418,1,12.0,5.0,7.0
44.0,1,444,418,1,54.0,34.0,20.0
46.0,1,444,418,1,4.0,1.0,3.0
134.0,1,446,340,3,113.07,93.87,19.19999999999999
66.0,1,446,438,1,600.0,250.0,350.0
139.0,1,447,350,3,56.97,46.23,10.739999999999997
41.0,1,447,458,1,8.0,3.0,5.0
106.0,1,448,339,1,112.5,89.9,22.599999999999994
160.0,1,448,372,1,39.99,25.19,14.8
62.0,1,448,352,1,28.0,12.0,16.0
148.0,1,451,433,1,23.97,18.29,5.68
39.0,1,451,382,1,12.0,5.0,7.0
63.0,1,451,449,1,120.0,70.0,50.0
57.0,1,451,342,1,8.0,3.0,5.0
35.0,1,451,403,1,14.0,4.0,10.0
36.0,1,451,403,1,16.0,4.0,12.0
39.0,1,451,403,1,12.0,5.0,7.0
69.0,1,455,428,4,560.0,240.0,320.0
34.0,1,455,380,1,7.0,2.0,5.0
44.0,1,455,380,1,54.0,34.0,20.0
48.0,1,455,380,1,12.0,8.0,4.0
59.0,1,458,3,1,23.0,12.0,11.0
142.0,1,458,436,1,14.89,11.49,3.4000000000000004
127.0,1,459,444,1,27.59,18.34,9.25
18.0,1,469,380,1,35.0,17.0,18.0
70.0,1,470,369,1,180.0,98.0,82.0
60.0,1,470,414,1,34.0,16.0,18.0
38.0,1,471,365,4,48.0,20.0,28.0
153.0,1,471,453,1,7.98,6.78,1.2000000000000002
154.0,1,471,453,4,51.96,33.96,18.0
157.0,1,471,453,1,8.96,7.36,1.6000000000000003
154.0,1,471,358,1,12.99,8.49,4.5
28.0,1,474,398,2,64.0,40.0,24.0
141.0,1,474,434,4,79.96,52.36,27.599999999999994
43.0,1,474,342,1,14.0,6.0,8.0
156.0,1,478,447,1,15.89,12.49,3.4000000000000004
154.0,1,479,208,1,12.99,8.49,4.5
70.0,1,479,363,1,180.0,98.0,82.0
92.0,1,480,345,3,299.85,269.85,30.0
53.0,1,480,362,1,34.0,14.0,20.0
38.0,1,482,343,1,12.0,5.0,7.0
157.0,1,482,414,1,8.96,7.36,1.6000000000000003
76.0,1,483,159,1,499.95,450.0,49.94999999999999
79.0,1,483,159,4,199.8,156.0,43.80000000000001
99.0,1,483,159,4,359.8,239.0,120.8
57.0,1,483,442,1,8.0,3.0,5.0
71.0,1,483,442,1,120.0,80.0,40.0
137.0,1,485,361,3,386.91,340.11,46.79999999999996
40.0,1,487,415,1,7.0,2.0,5.0
156.0,1,487,456,2,31.78,24.98,6.800000000000001
94.0,1,487,2,1,77.95,54.5,23.450000000000003
80.0,1,487,408,1,95.25,54.8,40.45
145.0,1,488,429,3,146.97,108.69,38.28
155.0,1,488,429,1,13.99,9.19,4.800000000000001
163.0,1,488,429,1,13.59,9.24,4.35
140.0,1,493,406,1,23.99,19.43,4.559999999999999
128.0,1,494,345,1,5.99,3.59,2.4000000000000004
38.0,1,495,432,1,12.0,5.0,7.0
62.0,1,495,447,1,28.0,12.0,16.0
43.0,1,496,4,1,14.0,6.0,8.0
78.0,1,497,447,3,197.85,150.0,47.85000000000002
88.0,1,497,447,1,585.95,396.3,189.65000000000003
98.0,1,497,447,2,599.9,500.0,99.89999999999998
161.0,1,497,455,1,6.99,3.53,3.4600000000000004
36.0,1,497,366,4,64.0,16.0,48.0
65.0,1,497,451,4,520.0,224.0,296.0
41.0,1,503,390,1,8.0,3.0,5.0
83.0,1,503,425,1,189.95,149.0,40.94999999999999
133.0,1,503,425,1,27.98,21.44,6.539999999999999
64.0,1,503,368,1,480.0,200.0,280.0
65.0,1,1,455,2,260.0,112.0,148.0
49.0,1,1,399,2,104.0,40.0,64.0
56.0,1,1,436,3,78.0,39.0,39.0
45.0,1,3,410,1,12.0,3.0,9.0
46.0,1,4,407,1,4.0,1.0,3.0
30.0,1,4,445,1,78.0,45.0,33.0
53.0,1,4,3,1,34.0,14.0,20.0
29.0,1,4,384,1,350.0,150.0,200.0
31.0,1,4,384,1,84.0,36.0,48.0
71.0,1,4,431,1,120.0,80.0,40.0
132.0,1,5,378,1,18.99,13.51,5.479999999999999
124.0,1,5,342,4,460.0,336.0,124.0
31.0,1,6,415,3,252.0,108.0,144.0
52.0,1,7,382,1,12.0,4.0,8.0
127.0,1,7,236,1,27.59,18.34,9.25
36.0,1,7,396,1,16.0,4.0,12.0
46.0,1,8,349,1,4.0,1.0,3.0
139.0,1,8,2,1,18.99,15.41,3.5799999999999983
67.0,1,9,366,4,332.0,140.0,192.0
46.0,1,9,353,1,4.0,1.0,3.0
138.0,1,10,442,4,129.16,93.56,35.599999999999994
143.0,1,10,442,1,16.49,10.49,5.999999999999998
154.0,1,10,442,3,38.97,25.47,13.5
158.0,1,10,442,3,44.94,34.56,10.379999999999995
59.0,1,10,373,1,23.0,12.0,11.0
29.0,1,10,416,3,1050.0,450.0,600.0
147.0,1,11,341,4,519.96,393.96,126.00000000000006
53.0,1,11,374,1,34.0,14.0,20.0
150.0,1,12,402,1,19.99,16.4,3.59
40.0,1,12,446,1,7.0,2.0,5.0
64.0,1,13,448,1,480.0,200.0,280.0
60.0,1,14,428,3,102.0,48.0,54.0
49.0,1,15,455,1,52.0,20.0,32.0
45.0,1,15,438,2,24.0,6.0,18.0
47.0,1,15,438,4,24.0,10.0,14.0
140.0,1,15,395,1,23.99,19.43,4.559999999999999
99.0,1,17,356,4,359.8,239.0,120.8
58.0,1,17,407,1,48.0,23.0,25.0
60.0,1,17,407,1,34.0,16.0,18.0
61.0,1,17,407,1,23.0,12.0,11.0
144.0,1,18,395,1,13.59,9.03,4.5600000000000005
59.0,1,19,428,4,92.0,48.0,44.0
99.0,1,19,383,1,89.95,59.75,30.200000000000003
34.0,1,20,363,1,7.0,2.0,5.0
64.0,1,20,425,1,480.0,200.0,280.0
134.0,1,21,386,1,37.69,31.29,6.399999999999999
72.0,1,21,450,1,21.0,6.0,15.0
135.0,1,22,372,4,155.96,120.08,35.88000000000001
137.0,1,22,372,1,128.97,113.37,15.599999999999994
159.0,1,22,372,3,14.97,11.88,3.0900000000000016
110.0,1,22,414,4,420.0,359.8,60.19999999999999
115.0,1,22,414,1,125.38,100.0,25.379999999999995
141.0,1,22,359,1,19.99,13.09,6.899999999999999
61.0,1,23,453,3,69.0,36.0,33.0
65.0,1,23,453,4,520.0,224.0,296.0
67.0,1,23,453,1,83.0,35.0,48.0
68.0,1,23,453,1,43.0,18.0,25.0
38.0,1,24,6,1,12.0,5.0,7.0
69.0,1,24,363,2,280.0,120.0,160.0
69.0,1,24,363,1,140.0,60.0,80.0
73.0,1,24,363,1,32.0,15.0,17.0
73.0,1,24,363,3,96.0,45.0,51.0
58.0,1,24,430,3,144.0,69.0,75.0
46.0,1,25,4,4,16.0,4.0,12.0
41.0,1,26,401,1,8.0,3.0,5.0
51.0,1,26,453,1,12.0,5.0,7.0
40.0,1,26,417,4,28.0,8.0,20.0
54.0,1,27,455,1,18.0,8.0,10.0
51.0,1,27,354,1,12.0,5.0,7.0
142.0,1,30,381,1,14.89,11.49,3.4000000000000004
137.0,1,31,408,4,515.88,453.48,62.39999999999998
112.0,1,32,413,1,155.95,129.0,26.94999999999999
64.0,1,32,361,4,1920.0,800.0,1120.0
45.0,1,32,357,2,24.0,6.0,18.0
71.0,1,34,208,1,120.0,80.0,40.0
37.0,1,37,396,1,8.0,3.0,5.0
121.0,1,38,436,4,1400.0,980.0,420.0
53.0,1,39,412,2,68.0,28.0,40.0
28.0,1,39,445,1,32.0,20.0,12.0
72.0,1,39,431,3,63.0,18.0,45.0
128.0,1,41,432,1,5.99,3.59,2.4000000000000004
46.0,1,42,355,1,4.0,1.0,3.0
50.0,1,42,389,1,6.0,2.5,3.5
136.0,1,43,357,1,56.97,44.97,12.0
129.0,1,44,424,1,13.49,9.84,3.65
135.0,1,44,424,1,38.99,30.02,8.970000000000002
140.0,1,44,424,1,23.99,19.43,4.559999999999999
143.0,1,44,424,1,16.49,10.49,5.999999999999998
57.0,1,45,422,1,8.0,3.0,5.0
60.0,1,45,422,1,34.0,16.0,18.0
72.0,1,45,422,4,84.0,24.0,60.0
73.0,1,45,356,3,96.0,45.0,51.0
54.0,1,45,378,1,18.0,8.0,10.0
159.0,1,45,453,2,9.98,7.92,2.0600000000000005
90.0,1,47,377,3,149.85000000000002,102.0,47.85000000000002
58.0,1,47,427,4,192.0,92.0,100.0
63.0,1,47,427,1,120.0,70.0,50.0
69.0,1,47,427,1,140.0,60.0,80.0
43.0,1,47,390,1,14.0,6.0,8.0
37.0,1,50,401,1,8.0,3.0,5.0
38.0,1,50,395,3,36.0,15.0,21.0
37.0,1,50,450,1,8.0,3.0,5.0
40.0,1,50,450,4,28.0,8.0,20.0
52.0,1,50,450,1,12.0,4.0,8.0
53.0,1,50,450,1,34.0,14.0,20.0
36.0,1,52,400,1,16.0,4.0,12.0
38.0,1,52,400,1,12.0,5.0,7.0
45.0,1,52,400,1,12.0,3.0,9.0
89.0,1,55,184,1,35.5,29.0,6.5
65.0,1,57,379,1,130.0,56.0,74.0
71.0,1,58,360,4,480.0,320.0,160.0
91.0,1,58,452,1,85.5,56.0,29.5
95.0,1,58,452,3,287.85,239.85,48.0
134.0,1,58,5,1,37.69,31.29,6.399999999999999
56.0,1,58,376,1,26.0,13.0,13.0
61.0,1,59,343,1,23.0,12.0,11.0
52.0,1,59,356,1,12.0,4.0,8.0
159.0,1,60,361,4,19.96,15.84,4.120000000000001
119.0,1,60,429,1,172.5,115.9,56.6
